{

"metadata":
{
"sourceFile": "",
"generatedBy": "3ds max ThreeJSExporter",
"formatVersion": 3.1,
"vertices": 95,
"normals": 150,
"colors": 0,
"uvs": 113,
"triangles": 150,
"materials": 1
},

"materials": [
{
"DbgIndex" : 0,
"DbgName"  : "Material #25",
"colorDiffuse"  : [0.5880, 0.5880, 0.5880],
"colorAmbient"  : [0.5880, 0.5880, 0.5880],
"colorSpecular"  : [0.9000, 0.9000, 0.9000],
"transparency"  : 1.0,
"specularCoef"  : 10.0,
"mapDiffuse"    : "ArbreC_tex.png",
"vertexColors" : false
}

],

"vertices": [0.889706,-0.108941,0.294121,1.07025,-0.108941,-0.17387,0.755223,-0.108941,-0.564218,0.25966,-0.108941,-0.486574,0.0791208,-0.108941,-0.0185826,0.394144,-0.108941,0.371765,0.579863,9.65179,0.26929,0.683411,9.65179,0.000875458,0.502731,9.65179,-0.223007,0.218503,9.65179,-0.178474,0.114955,9.65179,0.0899401,0.295635,9.65179,0.313822,1.29647,3.34522,-0.342733,1.10825,3.34522,0.145164,0.968049,3.34522,-0.749683,0.451409,3.34522,-0.668736,0.263191,3.34522,-0.18084,0.591612,3.34522,0.22611,0.518524,6.10717,0.440706,0.656218,6.10717,0.0837774,0.415956,6.10717,-0.213934,0.0379996,6.10717,-0.154716,-0.0996947,6.10717,0.202213,0.140567,6.10717,0.499924,2.08356,8.36607,-1.07973,2.19784,8.37405,-1.28906,2.08338,8.37405,-1.43089,1.85464,8.36607,-1.36339,1.74036,8.35809,-1.15407,1.85482,8.35809,-1.01224,0.624634,4.99637,0.0888342,0.501211,5.28884,0.413814,0.404344,4.99637,-0.18413,0.0606294,5.28884,-0.132115,-0.0627941,5.58131,0.192865,0.157497,5.58131,0.465829,1.46575,6.41233,-0.494574,1.55358,6.2042,-0.725844,1.39681,6.2042,-0.920098,1.15221,6.41233,-0.883082,1.06438,6.62047,-0.651811,1.22115,6.62047,-0.457557,-0.807887,8.32273,0.819426,-0.859758,8.32742,0.96135,-0.761952,8.32742,1.08254,-0.612275,8.32273,1.06181,-0.560404,8.31805,0.919887,-0.65821,8.31805,0.798694,0.00702846,6.34301,0.16931,0.0541432,6.51484,-0.0612915,0.195264,6.34301,0.402555,0.430615,6.51484,0.405198,0.47773,6.68667,0.174596,0.289494,6.68667,-0.0586485,-0.481483,7.1749,0.482037,-0.515012,7.05262,0.646144,-0.381055,7.05262,0.812132,-0.213568,7.1749,0.814013,-0.180039,7.29718,0.649906,-0.313996,7.29718,0.483918,-1.69216,9.65229,-3.49619,3.11696,9.75545,-4.53175,1.62248,7.66775,-2.75926,4.70274,9.06452,-1.074,4.0352,13.1073,-5.27281,6.34966,13.1072,-2.40507,3.46997,14.4172,1.15373,5.74615,11.9466,1.95036,3.0344,15.8633,-3.70526,1.52321,17.6181,-1.20961,4.55518,15.5407,-1.38224,-4.22541,8.93521,-1.29906,-3.38616,8.97412,1.05141,-6.82833,11.9167,-0.608774,-1.9407,8.08981,4.15467,-3.82408,11.0814,5.53454,-5.0746,14.6285,2.0791,-5.9593,15.4711,-2.05682,0.0975361,10.854,5.0141,-1.11911,15.1385,3.62441,-1.6499,16.2034,1.36575,-2.9129,18.0209,-0.927967,1.92435,15.8128,3.65229,1.24451,18.1145,0.752313,-0.582693,8.09795,-0.682641,0.401734,7.63473,2.38217,2.63835,9.63582,2.76337,2.96763,13.4074,5.62363,3.82848,11.9222,3.56186,0.786378,14.2721,5.87003,0.123212,13.2162,-4.57559,-0.405841,16.3753,-2.52526,-3.49955,14.6487,-3.62592,-5.67344,12.083,-3.43996,1.99923,9.57573,0.247157],

"normals": [0.932101,-0.0434675,0.359582,0.932101,-0.0434675,0.359581,0.77561,-0.0813973,-0.625942,0.77561,-0.0813973,-0.625942,-0.154644,-0.0434675,-0.987014,-0.154644,-0.0434675,-0.987014,-0.932481,0.0327932,-0.359728,-0.932481,0.0327932,-0.359728,-0.77624,0.0707924,0.62645,-0.77624,0.0707925,0.62645,0.154707,0.0327932,0.987416,0.154707,0.0327932,0.987416,0.921165,0.15866,0.355363,0.921165,0.158661,0.355362,0.74988,0.267285,-0.605177,0.74988,0.267285,-0.605176,-0.152829,0.158661,-0.975433,-0.152829,0.158661,-0.975433,-0.930529,-0.0724739,-0.358975,-0.930529,-0.0724739,-0.358975,-0.764607,-0.18604,0.617062,-0.764607,-0.18604,0.617062,0.154383,-0.072474,0.985349,0.154383,-0.072474,0.985349,0.932982,0.00126057,0.359921,0.932982,0.00126058,0.359921,0.778026,-0.0206537,-0.627892,0.778027,-0.0206537,-0.627892,-0.15479,0.00126056,-0.987947,-0.15479,0.00126054,-0.987947,-0.932035,0.0450522,-0.359556,-0.932035,0.0450522,-0.359556,-0.776451,0.0668667,0.62662,-0.776451,0.0668667,0.62662,0.154633,0.0450522,0.986944,0.154633,0.0450522,0.986944,0.804042,-0.256639,0.536332,0.804042,-0.25664,0.536332,0.544215,-0.714797,-0.439198,0.544216,-0.714798,-0.439197,-0.354451,-0.256639,-0.899167,-0.354451,-0.256639,-0.899167,-0.742454,0.33273,-0.581422,-0.742455,0.332731,-0.581422,-0.462187,0.804522,0.372999,-0.462187,0.804522,0.373,0.411529,0.33273,0.84849,0.411529,0.33273,0.84849,0.871671,-0.136643,0.470658,0.877296,-0.139914,0.459104,0.724005,-0.366628,-0.584295,0.724005,-0.366628,-0.584295,-0.276116,-0.134682,-0.951641,-0.264326,-0.140959,-0.954077,-0.862888,0.201748,-0.463381,-0.851506,0.185578,-0.490407,-0.700388,0.435851,0.565235,-0.700388,0.435851,0.565235,0.271193,0.196459,0.942262,0.30169,0.188327,0.934621,-0.842029,-0.335746,-0.422211,-0.842029,-0.335746,-0.422212,-0.551779,-0.705157,0.445302,-0.551778,-0.705157,0.445302,0.234882,-0.335746,0.912198,0.234883,-0.335745,0.912198,0.757225,0.440086,0.482632,0.757225,0.440086,0.482632,0.468255,0.798706,-0.377897,0.468255,0.798706,-0.377897,-0.311848,0.440086,-0.842066,-0.311848,0.440086,-0.842066,-0.927601,-0.168401,-0.333462,-0.932331,-0.171558,-0.318319,-0.730847,-0.343481,0.589816,-0.730847,-0.343481,0.589816,0.130205,-0.165804,0.977525,0.115338,-0.173022,0.978141,0.911191,0.253644,0.324648,0.902621,0.235789,0.36011,0.708042,0.414927,-0.571413,0.708042,0.414927,-0.571412,-0.125366,0.246799,-0.960923,-0.164233,0.239666,-0.956863,-0.161422,-0.569026,-0.80632,0.550759,-0.733081,-0.39907,0.734021,-0.332064,-0.592408,0.660334,0.697836,0.277459,0.539203,0.806976,-0.240934,-0.69682,-0.668514,0.259868,-0.785421,-0.586166,0.198804,-0.907781,0.3283,0.26106,-0.954992,-0.293266,0.0445641,0.143087,0.341886,0.928784,-0.189391,0.716143,0.671767,-0.288902,0.837968,0.462975,-0.328513,0.700799,0.633215,-0.442068,-0.847477,-0.293868,-0.320559,-0.946381,-0.0400713,0.364164,-0.582743,0.726495,0.554713,-0.516546,0.652284,0.488911,0.641163,0.591503,0.585814,-0.521569,0.620312,0.0122973,-0.245223,0.969389,-0.211173,0.506998,-0.835678,-0.30024,-0.133133,-0.944527,-0.436192,0.308314,-0.845387,-0.746331,-0.57329,-0.338124,-0.239113,-0.965687,0.10136,0.859399,0.413617,0.300592,0.929143,-0.368454,0.030563,0.502509,0.690124,0.520782,0.655502,0.538929,-0.52903,-0.0917901,0.787557,-0.609367,0.784313,0.36865,0.49895,0.676105,0.646853,-0.352793,0.768914,-0.459584,-0.444469,-0.0775794,0.631023,-0.771875,0.342753,0.679925,0.648246,-0.763918,-0.00763133,0.645268,-0.359776,0.582891,0.72856,-0.192718,0.849432,0.491248,-0.675105,0.681205,0.283183,-0.61722,-0.315319,0.720842,-0.396447,-0.633978,-0.664005,-0.924891,0.0742034,-0.372921,-0.0384156,-0.0398203,-0.998468,-0.202917,-0.187708,-0.961036,-0.177505,-0.165839,-0.970046,0.608817,-0.668554,0.427057,0.436305,-0.544458,0.716382,0.379459,-0.563856,0.733538,-0.155587,-0.985807,0.0630641,0.552473,-0.779481,-0.295267,0.296253,-0.822782,0.48504,0.0964736,-0.845809,0.52469,0.673276,-0.723231,-0.15374,0.101858,-0.363073,0.926177,-0.129848,-0.888684,-0.439751,-0.287343,-0.948077,-0.136324,-0.00495569,0.543813,-0.839192,-0.14465,0.448987,-0.881752,0.825116,0.520504,0.21968,0.897161,0.437707,0.0592853,0.857144,0.515006,-0.00852517,-0.25641,0.630632,-0.7325,0.0731033,0.969286,-0.23482,-0.29288,0.664315,0.687682,0.0200775,0.711937,-0.701957,-0.196558,0.868241,0.455547],

"colors": [],