{

"metadata":
{
"sourceFile": "",
"generatedBy": "3ds max ThreeJSExporter",
"formatVersion": 3.1,
"vertices": 81,
"normals": 134,
"colors": 0,
"uvs": 107,
"triangles": 134,
"materials": 1
},

"materials": [
{
"DbgIndex" : 0,
"DbgName"  : "Material #47",
"colorDiffuse"  : [0.5880, 0.5880, 0.5880],
"colorAmbient"  : [0.5880, 0.5880, 0.5880],
"colorSpecular"  : [0.9000, 0.9000, 0.9000],
"transparency"  : 1.0,
"specularCoef"  : 10.0,
"mapDiffuse"    : "ArbreA_tex.png",
"vertexColors" : false
}

],

"vertices": [-0.135329,-0.262625,-0.674,-0.264854,-0.262625,-0.189403,0.0900566,-0.262625,0.165068,0.574493,-0.262625,0.0349411,0.704017,-0.262625,-0.449656,0.349107,-0.262625,-0.804126,0.12222,6.6457,-0.735511,0.0285257,6.6457,-0.384968,0.285257,6.6457,-0.128555,0.635684,6.6457,-0.222685,0.729378,6.6457,-0.573227,0.472646,6.6457,-0.829641,-0.355224,3.19154,-0.0286456,-0.251346,3.19154,-0.417289,-0.0705881,3.19154,0.255637,0.317926,3.19154,0.151277,0.421805,3.19154,-0.237367,0.137168,3.19154,-0.52165,-3.6421,10.5187,1.67675,-4.55535,8.50578,1.19064,-3.27589,8.43689,2.86227,1.07246,11.6978,2.52216,-1.14033,10.5493,1.63518,-0.863294,8.97599,4.03539,-2.12449,12.7133,0.354844,-3.55145,10.5516,-0.669573,-1.66929,12.1203,-2.29697,-2.74695,10.6877,-3.5978,0.40853,9.40179,-4.29714,0.567062,11.7449,-2.55359,3.71298,9.05551,-2.42572,1.915,10.927,-0.664133,-3.33086,7.90087,-0.344984,-2.99099,6.002,0.457948,-4.37092,9.6133,-1.91887,-4.02278,8.10561,-2.24783,-1.79921,8.08001,-3.7486,2.628,6.83427,-2.75027,3.2979,9.42453,-0.0309732,3.15477,9.44669,2.40795,1.90867,7.05457,2.68346,2.05461,11.0797,1.81774,2.27214,10.3235,4.0732,0.954379,7.85233,3.60373,-1.91201,6.68641,3.24621,2.2436,7.2727,0.332023,-0.476194,7.07472,1.6875,-0.797811,6.71568,-1.52163,0.747404,7.21188,-2.66434,-2.657,7.32913,-1.42192,-0.637813,6.28089,0.336477,0.716346,5.73069,-1.73738,-0.862459,13.7129,-2.18853,0.919777,13.6521,-1.41905,2.01528,12.559,-1.48558,1.44316,13.2524,1.77049,2.11686,13.3984,0.393696,-1.07312,13.0387,1.71856,-0.860098,14.4567,0.337985,-1.83926,13.8696,-0.914778,0.883862,14.2983,0.225853,0.48113,15.0523,-0.620776,-0.352065,14.5264,-1.33231,-1.00598,6.49576,0.662074,-1.05903,6.50178,0.844147,-0.930076,6.50178,0.972942,-0.74807,6.49576,0.919664,-0.695018,6.48974,0.737592,-0.823973,6.48974,0.608797,0.0190372,3.99722,-0.304607,0.0502982,4.17357,-0.534208,0.217338,3.99722,-0.106552,0.4469,4.17357,-0.138098,0.478161,4.34992,-0.367699,0.27986,4.34992,-0.565754,-0.621314,5.0214,0.181602,-0.649157,4.86434,0.386099,-0.472538,4.86434,0.562499,-0.268076,5.0214,0.534402,-0.240233,5.17847,0.329905,-0.416852,5.17847,0.153505],

"normals": [-0.966001,-0.0132567,-0.258197,-0.966001,-0.0132567,-0.258197,-0.705735,-0.0513497,0.706612,-0.705735,-0.0513497,0.706612,0.259396,-0.0132567,0.96568,0.259396,-0.0132567,0.96568,0.964171,0.0629365,0.257707,0.964171,0.0629366,0.257707,0.703075,0.100707,-0.703949,0.703075,0.100707,-0.703949,-0.258904,0.0629365,-0.96385,-0.258904,0.0629365,-0.96385,-0.962956,0.0804314,-0.257383,-0.962956,0.0804314,-0.257383,-0.698695,0.149789,0.699563,-0.698695,0.149789,0.699563,0.258578,0.0804314,0.962636,0.258578,0.0804314,0.962636,0.964299,-0.0608042,0.257741,0.964299,-0.0608042,0.257741,0.700616,-0.130594,-0.701486,0.700616,-0.130594,-0.701486,-0.258938,-0.0608043,-0.963978,-0.258939,-0.0608042,-0.963978,-0.772988,0.205772,0.600123,-0.548345,0.668965,0.501801,0.0083572,0.495941,0.868316,0.00800757,0.511882,0.859018,-0.711259,0.683618,-0.163637,0.00807363,0.596613,-0.802489,0.464083,0.50838,-0.72538,0.646895,0.750217,-0.13675,-0.995357,-0.0876926,-0.0396845,-0.794546,-0.351555,-0.495081,-0.912317,-0.276558,0.301984,-0.641945,-0.19036,-0.742745,0.863562,-0.453901,0.219625,0.888119,-0.456157,0.0562644,0.821311,0.568856,0.0430291,0.488631,0.868726,-0.0809585,0.618897,0.760784,0.195379,0.658254,-0.463677,0.593048,0.0874862,-0.230755,0.969071,0.0179278,-0.333147,0.942705,-0.411681,-0.122694,0.903031,-0.668529,-0.560674,0.488584,0.895954,-0.410284,0.170099,0.363542,-0.925726,0.104257,-0.08577,-0.866276,-0.492148,-0.269566,-0.882961,-0.384336,-0.282028,-0.75945,-0.586256,-0.870699,-0.315408,-0.377362,-0.553951,-0.819971,-0.144172,0.127477,-0.861732,0.491088,-0.143385,-0.522854,-0.840277,0.371294,0.423019,-0.826556,-0.0941597,0.11504,-0.988888,-0.742204,0.615529,-0.265061,0.371761,0.422857,-0.826429,0.676621,-0.363806,-0.64018,0.880805,-0.245289,0.404989,-0.056266,0.445462,0.893531,-0.362377,-0.0214266,0.931785,-0.727342,0.531702,0.433897,-0.982782,0.045916,-0.17897,-0.0808508,0.811475,0.578768,0.524006,0.781225,0.339272,0.110315,0.767719,0.63122,0.108538,0.685043,0.720372,-0.423622,0.901233,-0.091236,0.59019,0.755663,-0.283988,0.32029,0.542923,-0.776304,0.34172,0.571125,-0.746354,-0.792069,0.000939322,0.610431,-0.704145,0.396821,-0.588823,-0.465232,0.87896,-0.104821,0.900297,-0.426143,0.0887027,0.803197,0.583852,0.118284,-0.419375,-0.475258,-0.773469,0.0284657,-0.995686,-0.0883115,-0.157286,-0.60583,-0.779892,0.562955,-0.805564,0.184795,-0.644097,0.751643,-0.142024,-0.835396,-0.00221508,0.549644,-0.829019,0.558697,-0.0242043,-0.611566,0.436775,-0.659708,-0.558278,0.0517555,-0.828038,-0.226381,-0.0259692,-0.973693,-0.307073,-0.866777,-0.392941,0.145608,-0.576792,-0.803809,0.481318,-0.108002,-0.869867,-0.539184,-0.835469,0.106169,-0.759174,-0.500146,0.416545,0.352142,-0.93138,0.0923469,0.102423,-0.966584,-0.234998,0.289819,-0.839918,0.45885,0.295847,-0.857604,0.420702,-0.216536,-0.83759,0.501553,-0.42222,0.735021,0.530543,-0.270066,0.607414,0.747069,0.750359,0.655853,-0.0825785,0.956525,-0.0947137,0.275843,0.997157,-0.0721767,-0.0216607,0.654534,0.67649,-0.337559,0.731044,0.681988,0.0216231,0.0873773,0.632837,-0.769339,0.92557,0.358801,-0.120752,-0.463445,0.763722,-0.449386,-0.761266,0.555347,0.334759,0.580747,-0.211997,0.785996,-0.853493,-0.350622,-0.385505,-0.853493,-0.350622,-0.385505,-0.47343,-0.742409,0.474018,-0.47343,-0.742409,0.474018,0.386566,-0.350621,0.853013,0.386565,-0.350622,0.853013,0.831587,0.379977,0.405069,0.831587,0.379976,0.405069,0.450524,0.770423,-0.451084,0.450523,0.770423,-0.451085,-0.406102,0.379976,-0.831083,-0.406101,0.379976,-0.831083,-0.948868,-0.16167,-0.271133,-0.952404,-0.164942,-0.256359,-0.661714,-0.35097,0.662536,-0.661714,-0.35097,0.662536,0.272495,-0.159239,0.948888,0.258511,-0.166292,0.951588,0.933718,0.241738,0.26407,0.927762,0.224066,0.298415,0.640761,0.4217,-0.641557,0.64076,0.4217,-0.641557,-0.265871,0.235289,-0.934854,-0.302074,0.227631,-0.925708],

"colors": [],