{

"metadata":
{
"sourceFile": "",
"generatedBy": "3ds max ThreeJSExporter",
"formatVersion": 3.1,
"vertices": 80,
"normals": 136,
"colors": 0,
"uvs": 99,
"triangles": 136,
"materials": 1
},

"materials": [
{
"DbgIndex" : 0,
"DbgName"  : "Material #70",
"colorDiffuse"  : [0.5880, 0.5880, 0.5880],
"colorAmbient"  : [0.5880, 0.5880, 0.5880],
"colorSpecular"  : [0.9000, 0.9000, 0.9000],
"transparency"  : 1.0,
"specularCoef"  : 10.0,
"mapDiffuse"    : "ArbreB_tex.png",
"vertexColors" : false
}

],

"vertices": [0.385669,-0.158204,-1.0442,-0.162419,-0.158204,-1.04501,-0.437172,-0.158204,-0.570766,-0.163837,-0.158204,-0.0956983,0.384251,-0.158204,-0.0948793,0.659004,-0.158204,-0.569128,0.481722,8.58719,-0.718421,0.167368,8.58719,-0.718891,0.00978494,8.58719,-0.446888,0.166555,8.58719,-0.174415,0.480908,8.58719,-0.173945,0.638492,8.58719,-0.445948,-0.423285,2.93665,-1.20962,0.148114,2.93665,-1.20876,-0.709724,2.93665,-0.715197,-0.424764,2.93665,-0.219924,0.146635,2.93665,-0.21907,0.433074,2.93665,-0.713489,0.6806,5.41128,-0.723006,0.262583,5.41128,-0.723631,0.0530335,5.41128,-0.36193,0.261501,5.41128,0.000395358,0.679518,5.41128,0.00101995,0.889067,5.41128,-0.360681,-0.739323,6.12552,-1.29245,-0.902317,6.01454,-1.27192,-1.00204,6.01454,-1.09979,-0.938775,6.12552,-0.948177,-0.775781,6.23651,-0.968703,-0.676055,6.23651,-1.14084,0.0135646,4.26229,-0.82958,0.286856,4.7059,-0.874474,-0.162736,4.26229,-0.52527,-0.0657442,4.7059,-0.265854,0.207547,5.14951,-0.310749,0.383847,5.14951,-0.615058,-0.342199,5.09709,-1.14522,-0.551816,4.94194,-1.11028,-0.687475,4.94194,-0.876122,-0.613518,5.09709,-0.676899,-0.403901,5.25223,-0.711836,-0.268242,5.25223,-0.945996,-3.4233,10.3661,-1.69014,-2.98695,8.94723,-4.36965,-1.73814,7.12809,-2.17763,-0.273276,8.94734,-4.99251,0.309741,7.12809,-2.64718,2.43247,9.40554,-2.62126,-3.13831,12.2093,-4.63291,-0.425656,12.2092,-5.25531,1.91255,13.5989,-3.09891,0.394916,17.466,-3.08765,1.10076,7.4227,2.17718,-0.346567,10.114,2.72867,-2.03843,9.11666,2.9888,2.66545,10.1125,4.06457,3.30036,8.21566,2.27989,2.98377,11.999,1.46342,-2.74709,12.4839,3.4172,0.599821,14.2005,4.75006,-2.95813,16.2669,2.60733,3.34155,14.2005,4.29925,4.1371,15.2621,1.74505,-0.15535,18.2636,1.97905,-2.21374,18.3884,0.40108,1.89594,19.7957,1.12506,1.48755,7.89465,-0.281163,-1.02978,7.54973,0.869738,4.84836,12.7496,-0.280745,2.79738,9.55914,-0.460201,2.61065,18.6341,-1.45541,4.13312,15.3391,-2.08076,1.76207,21.5938,-0.0998669,-2.24738,15.5525,-3.2727,-1.10401,20.3904,-1.91583,0.00965206,21.7826,-0.159293,-4.6992,13.037,-1.95582,-4.04896,11.9816,-0.0205337,-3.81454,15.3632,0.264755,-3.02986,8.85314,0.876568],

"normals": [0.00149213,-0.0529851,-0.998594,0.00149209,-0.0529851,-0.998594,-0.861017,-0.0991059,-0.498826,-0.861017,-0.0991059,-0.498826,-0.865554,-0.0529851,0.498005,-0.865554,-0.0529851,0.498005,-0.00149308,0.0399815,0.999199,-0.00149315,0.0399815,0.999199,0.862055,0.0862276,0.499426,0.862054,0.0862277,0.499427,0.866079,0.0399815,-0.498306,0.866079,0.0399815,-0.498306,0.00146644,0.192314,-0.981332,0.00146629,0.192314,-0.981332,-0.819653,0.32043,-0.474861,-0.819653,0.32043,-0.474862,-0.850592,0.192314,0.489396,-0.850592,0.192314,0.489397,-0.00148836,-0.0882706,0.996095,-0.00148851,-0.0882706,0.996095,0.843092,-0.22499,0.488441,0.843092,-0.22499,0.488441,0.863388,-0.0882706,-0.496758,0.863388,-0.0882706,-0.496758,0.00149413,0.0015373,-0.999998,0.00149433,0.00153728,-0.999998,-0.865003,-0.025185,-0.501135,-0.865003,-0.025185,-0.501134,-0.866771,0.00153728,0.498705,-0.866771,0.00153726,0.498705,-0.00149206,0.0549149,0.99849,-0.00149194,0.0549149,0.99849,0.862402,0.0814566,0.499628,0.862402,0.0814566,0.499628,0.865464,0.0549149,-0.497953,0.865464,0.0549149,-0.497953,0.0811515,-0.322055,-0.943236,0.248751,-0.247999,-0.93628,-0.634622,-0.679763,-0.367665,-0.634622,-0.679763,-0.367665,-0.715215,-0.397367,0.57495,-0.724662,-0.222876,0.652067,-0.349781,0.628955,0.694312,-0.401624,0.333733,0.852831,0.120545,0.990248,0.0698373,0.120545,0.990248,0.0698373,0.588885,0.517009,-0.621221,0.466222,0.368409,-0.804308,-0.0188415,-0.155008,-0.987734,-0.0465662,-0.159157,-0.986154,-0.814569,-0.337301,-0.471917,-0.814569,-0.337301,-0.471916,-0.868547,-0.1501,0.47233,-0.876861,-0.162842,0.452324,-0.0399543,0.238152,0.970406,-0.0224104,0.248357,0.968409,0.786769,0.41621,0.45581,0.786769,0.41621,0.45581,0.819587,0.24214,-0.519275,0.830841,0.245361,-0.499501,-0.559952,0.762374,-0.324406,-0.559955,0.762372,-0.324406,-0.559954,0.762372,-0.324406,-0.559956,0.762372,-0.324404,-0.875244,-0.471648,0.107219,-0.134424,-0.798884,-0.586271,0.600197,-0.552844,-0.578037,-0.222757,-0.0886267,-0.970837,0.659455,-0.0038627,-0.751734,-0.204928,0.400293,-0.89318,0.582027,0.230684,-0.779762,0.203236,-0.0904848,0.97494,-0.375887,-0.375728,0.847076,0.969395,0.126522,0.210393,-0.436769,0.164953,0.884321,0.143615,-0.4653,0.873424,0.92846,-0.340891,0.147494,-0.390202,0.725921,0.566375,-0.00539389,0.492367,0.870371,0.784582,0.446663,0.430028,0.221733,-0.954606,0.198901,0.724864,-0.673998,-0.142473,-0.328756,-0.8274,0.455333,0.0521203,-0.982218,-0.180363,0.341637,-0.931473,-0.125069,0.839282,-0.533699,-0.103786,0.426031,0.354798,-0.832235,0.619689,0.214765,0.754892,0.963108,0.269077,0.0044129,0.348585,0.471058,-0.810304,-0.151227,0.29991,-0.941905,0.102719,0.746834,-0.657029,-0.827137,0.555686,0.0840023,0.964366,0.194198,0.179683,0.0268252,0.518199,0.854839,-0.522273,0.460603,0.717687,-0.941038,0.0368634,0.336287,-0.946107,-0.320839,-0.0440965,-0.877321,0.457743,0.144148,-0.941433,0.0195476,0.336633,-0.908772,-0.189409,0.371829,-0.867433,-0.238137,0.436864,-0.824441,0.451627,-0.341072,-0.970123,0.236488,0.0541688,-0.273164,-0.223559,-0.93563,-0.937438,0.279693,-0.207319,-0.191141,0.528547,0.827105,0.312359,0.486941,-0.815672,0.132726,0.575164,0.807199,0.893003,0.447715,0.0457949,0.326605,0.130899,-0.936053,-0.243275,0.420456,-0.87409,0.686184,-0.0265145,-0.726945,0.713132,-0.30647,0.630491,0.787013,-0.484449,-0.381993,0.986574,-0.163297,0.00229598,-0.405386,0.0145747,0.91403,-0.147569,-0.410852,0.89968,0.198736,-0.0824221,0.976581,0.194724,-0.636778,0.746054,-0.0724391,0.557838,0.826783,0.908294,0.418265,0.00747243,0.598548,-0.339152,-0.725752,0.693074,0.00382287,-0.720856,-0.902755,-0.42408,0.0720429,-0.756863,0.578385,-0.30435,-0.989737,-0.0565172,-0.13125,0.77828,-0.62183,-0.0872213,0.692293,-0.589544,-0.416134,0.0298496,-0.99104,0.130185,-0.222824,-0.0886876,-0.970816,-0.134538,-0.798842,-0.586303,-0.887677,-0.443136,-0.125142,-0.53,-0.814526,0.235898,-0.512812,-0.788691,0.339101,-0.936303,0.0354288,0.349401],

"colors": [],