{

"metadata":
{
"sourceFile": "",
"generatedBy": "3ds max ThreeJSExporter",
"formatVersion": 3.1,
"vertices": 36,
"normals": 58,
"colors": 0,
"uvs": 60,
"triangles": 58,
"materials": 1
},

"materials": [
{
"DbgIndex" : 0,
"DbgName"  : "OFFICE",
"colorDiffuse"  : [0.5880, 0.5880, 0.5880],
"colorAmbient"  : [0.5880, 0.5880, 0.5880],
"colorSpecular"  : [0.9000, 0.9000, 0.9000],
"transparency"  : 1.0,
"specularCoef"  : 10.0,
"mapDiffuse"    : "Office_Texturev3.png",
"vertexColors" : false
}

],

"vertices": [-5.44586,0.0,73.7584,-5.44586,54.6345,73.7584,-54.8524,54.6345,24.3272,-54.8524,0.0,24.3272,29.4762,0.0,73.7582,54.8524,0.0,73.7581,54.8524,54.6345,73.7581,29.476,54.6345,73.7582,54.8522,0.0,57.564,54.8522,54.6345,57.564,29.5411,0.0,32.0179,29.5411,54.6345,32.0179,12.118,0.0,32.0177,12.118,54.6345,32.0177,-13.1143,0.0,6.83369,-13.1143,54.6345,6.83369,-13.1145,0.0,-48.5783,-13.1145,54.6345,-48.5783,-38.0166,0.0,-73.7581,-38.0166,54.6345,-73.7581,-54.8524,0.0,-73.7584,-54.8524,54.6345,-73.7584,-54.8524,0.0,-48.5912,-54.8524,54.6345,-48.5915,54.8522,84.381,57.564,29.5411,84.381,32.0179,29.476,84.381,73.7582,54.8524,84.381,73.7581,-54.8524,84.381,-48.5915,-54.8524,84.381,24.3272,-13.1143,84.381,6.8336,-13.1145,84.381,-48.5783,12.118,84.381,32.0177,-5.44586,84.381,73.7584,-38.0166,84.381,-73.7581,-54.8524,84.381,-73.7584],

"normals": [-0.707283,0.0,0.706931,-0.707283,0.0,0.706931,4.81037e-006,0.0,1.0,4.81042e-006,0.0,1.0,1.0,0.0,-1.22492e-005,1.0,0.0,-1.22492e-005,0.710366,0.0,-0.703832,0.710366,0.0,-0.703832,1.13851e-005,0.0,-1.0,1.13851e-005,0.0,-1.0,0.706429,0.0,-0.707784,0.706429,0.0,-0.707784,1.0,0.0,-1.92759e-006,1.0,0.0,-1.92759e-006,0.711017,0.0,-0.703175,0.711017,0.0,-0.703175,1.81265e-005,0.0,-1.0,1.81265e-005,0.0,-1.0,-1.0,0.0,0.0,-1.0,0.0,0.0,0.0,1.0,0.0,0.0,1.0,0.0,0.0,1.0,0.0,0.0,1.0,0.0,0.0,1.0,0.0,0.0,1.0,0.0,0.0,1.0,0.0,0.0,1.0,0.0,0.0,1.0,0.0,0.0,1.0,0.0,5.24325e-006,0.0,1.0,5.2433e-006,0.0,1.0,-1.0,0.0,0.0,-1.0,0.0,0.0,4.81037e-006,0.0,1.0,4.81037e-006,0.0,1.0,1.0,0.0,-1.22492e-005,1.0,0.0,-1.22492e-005,0.710366,0.0,-0.703832,0.710366,0.0,-0.703832,1.13851e-005,0.0,-1.0,1.13851e-005,0.0,-1.0,-0.921724,0.0,-0.387847,-0.921724,0.0,-0.387847,5.2433e-006,0.0,1.0,5.2433e-006,0.0,1.0,1.0,0.0,-1.92759e-006,1.0,0.0,-1.92759e-006,0.711017,0.0,-0.703175,0.711017,0.0,-0.703175,1.81265e-005,0.0,-1.0,1.81265e-005,0.0,-1.0,-1.0,0.0,0.0,-1.0,0.0,0.0,-1.0,0.0,0.0,-1.0,0.0,0.0,0.386547,2.83853e-006,0.92227,0.386548,0.0,0.922269],

"colors": [],

"uvs": [[0.981071,0.340847,0.981071,0.557404,0.70405,0.557404,0.70405,0.340847,0.320728,0.340847,0.421312,0.340847,0.421312,0.557405,0.320727,0.557405,0.485502,0.340847,0.485502,0.557405,0.628046,0.340847,0.628046,0.557405,0.697107,0.340847,0.697107,0.557404,0.7717,0.939993,0.771962,0.723436,0.913268,0.723606,0.913006,0.940163,0.222444,0.00303724,0.222444,0.219596,0.00280508,0.219594,0.00280508,0.00303724,0.362816,0.00303724,0.362816,0.219594,0.429549,0.00303724,0.429549,0.219594,0.529305,0.00303724,0.818335,0.00303724,0.818335,0.219594,0.529304,0.219594,0.625187,0.973208,0.511398,0.860469,0.697317,0.860177,0.697317,0.973208,0.394929,0.890538,0.0701358,0.890538,0.148055,0.704629,0.394871,0.70463,0.511396,0.782863,0.697316,0.704629,0.507026,0.815548,0.507027,0.890538,0.182305,0.557405,0.182305,0.340847,0.320727,0.675312,0.421312,0.675312,0.485502,0.675312,0.628046,0.675312,0.697107,0.675312,0.00280508,0.675312,0.00280508,0.557404,0.182305,0.675312,0.00280508,0.337503,0.222444,0.337503,0.362816,0.337503,0.429549,0.337503,0.529304,0.337502,0.818335,0.337503,0.997718,0.219594,0.997719,0.337503]],

"faces": [42,1,2,3,0,1,2,3,0,0,0,42,3,0,1,0,3,0,1,1,1,1,42,5,6,7,0,5,6,7,2,2,2,42,7,4,5,0,7,4,5,3,3,3,42,9,6,5,0,9,6,5,4,4,4,42,5,8,9,0,5,8,9,5,5,5,42,11,9,8,0,11,9,8,6,6,6,42,8,10,11,0,8,10,11,7,7,7,42,13,11,10,0,13,11,10,8,8,8,42,10,12,13,0,10,12,13,9,9,9,42,15,13,12,0,15,16,17,10,10,10,42,12,14,15,0,17,14,15,11,11,11,42,17,15,14,0,19,20,21,12,12,12,42,14,16,17,0,21,18,19,13,13,13,42,19,17,16,0,23,19,18,14,14,14,42,16,18,19,0,18,22,23,15,15,15,42,21,19,18,0,25,23,22,16,16,16,42,18,20,21,0,22,24,25,17,17,17,42,3,2,23,0,27,28,29,18,18,18,42,23,22,3,0,29,26,27,19,19,19,42,24,25,26,0,30,31,32,20,20,20,42,26,27,24,0,32,33,30,21,21,21,42,28,29,30,0,34,35,36,22,22,22,42,30,31,28,0,36,37,34,23,23,23,42,1,13,15,0,1,16,15,24,24,24,42,15,2,1,0,15,2,1,25,25,25,42,26,25,32,0,32,31,38,26,26,26,42,32,33,26,0,38,39,32,27,27,27,42,28,31,34,0,34,37,40,28,28,28,42,34,35,28,0,40,41,34,29,29,29,42,1,0,4,0,42,43,4,30,30,30,42,4,7,1,0,4,7,42,31,31,31,42,21,20,22,0,25,24,26,32,32,32,42,22,23,21,0,26,29,25,33,33,33,42,7,6,27,0,7,6,45,34,34,34,42,27,26,7,0,45,44,7,35,35,35,42,6,9,24,0,6,9,46,36,36,36,42,24,27,6,0,46,45,6,37,37,37,42,9,11,25,0,9,11,47,38,38,38,42,25,24,9,0,47,46,9,39,39,39,42,11,13,32,0,11,13,48,40,40,40,42,32,25,11,0,48,47,11,41,41,41,42,13,1,33,0,50,42,51,42,42,42,42,33,32,13,0,51,49,50,43,43,43,42,1,7,26,0,42,7,44,44,44,44,42,26,33,1,0,44,51,42,45,45,45,42,15,17,31,0,20,19,53,46,46,46,42,31,30,15,0,53,52,20,47,47,47,42,17,19,34,0,19,23,54,48,48,48,42,34,31,17,0,54,53,19,49,49,49,42,19,21,35,0,23,25,55,50,50,50,42,35,34,19,0,55,54,23,51,51,51,42,21,23,28,0,25,29,56,52,52,52,42,28,35,21,0,56,55,25,53,53,53,42,23,2,29,0,29,28,57,54,54,54,42,29,28,23,0,57,56,29,55,55,55,42,2,15,30,0,28,58,59,56,56,56,42,30,29,2,0,59,57,28,57,57,57]

}